,RMSE,MAE,MAPE,R²
Prophet,616.7173863046194,505.89817709209615,1.460550278519304,0.9951542953065134
ARIMA,3817.4292777034216,1231.553344678209,4.305732350923296,0.8143364886882386
