,RMSE,MAE,MAPE,R²
Prophet,0.09507279311669847,0.08168348575621896,50.37627257059307,0.9092645697287476
ARIMA,0.11097354855020748,0.09170199046568658,52.488953002936036,0.8763758428195243
